#,Time,%Passes,Change,Test,Pass,Partial,Fail,Untested
0,Sun Nov 01 19:46:41 EST 2020,15,15,Assignment4Suite,CacheMapTest2+ CacheTest1+ CacheTest3+ CacheTest4+ CacheTest7+ HeapDelMinTest0+ HeapDelMinTest1+ , ,CacheHeapTest0- CacheHeapTest1- CacheHeapTest2- CacheHeapTest3- CacheMapTest0- CacheMapTest1- CacheMapTest3- CacheTest0- CacheTest2- CacheTest5- CacheTest6- CacheTest8- CacheTest9- HeapDelMinTest10- HeapDelMinTest11- HeapDelMinTest12- HeapDelMinTest13- HeapDelMinTest14- HeapDelMinTest2- HeapDelMinTest3- HeapDelMinTest4- HeapDelMinTest5- HeapDelMinTest6- HeapDelMinTest7- HeapDelMinTest8- HeapDelMinTest9- HeapIncDecEltTest0- HeapIncDecEltTest1- HeapIncDecEltTest2- HeapIncDecEltTest3- HeapIncDecEltTest4- HeapIncDecEltTest5- HeapInsertTest0- HeapInsertTest1- HeapInsertTest2- HeapInsertTest3- HeapInsertTest4- , ,
1,Sun Nov 01 21:19:06 EST 2020,15,0,Assignment4Suite,CacheMapTest2 CacheTest1 CacheTest3 CacheTest4 CacheTest7 HeapDelMinTest0 HeapDelMinTest1 , ,CacheHeapTest0 CacheHeapTest1 CacheHeapTest2 CacheHeapTest3 CacheMapTest0 CacheMapTest1 CacheMapTest3 CacheTest0 CacheTest2 CacheTest5 CacheTest6 CacheTest8 CacheTest9 HeapDelMinTest10 HeapDelMinTest11 HeapDelMinTest12 HeapDelMinTest13 HeapDelMinTest14 HeapDelMinTest2 HeapDelMinTest3 HeapDelMinTest4 HeapDelMinTest5 HeapDelMinTest6 HeapDelMinTest7 HeapDelMinTest8 HeapDelMinTest9 HeapIncDecEltTest0 HeapIncDecEltTest1 HeapIncDecEltTest2 HeapIncDecEltTest3 HeapIncDecEltTest4 HeapIncDecEltTest5 HeapInsertTest0 HeapInsertTest1 HeapInsertTest2 HeapInsertTest3 HeapInsertTest4 , ,
2,Sun Nov 01 22:24:13 EST 2020,13,-2,Assignment4Suite,CacheMapTest2 CacheTest1 CacheTest3 CacheTest4 CacheTest7 HeapDelMinTest0 , ,CacheHeapTest0 CacheHeapTest1 CacheHeapTest2 CacheHeapTest3 CacheMapTest0 CacheMapTest1 CacheMapTest3 CacheTest0 CacheTest2 CacheTest5 CacheTest6 CacheTest8 CacheTest9 HeapDelMinTest1- HeapDelMinTest10 HeapDelMinTest11 HeapDelMinTest12 HeapDelMinTest13 HeapDelMinTest14 HeapDelMinTest2 HeapDelMinTest3 HeapDelMinTest4 HeapDelMinTest5 HeapDelMinTest6 HeapDelMinTest7 HeapDelMinTest8 HeapDelMinTest9 HeapIncDecEltTest0 HeapIncDecEltTest1 HeapIncDecEltTest2 HeapIncDecEltTest3 HeapIncDecEltTest4 HeapIncDecEltTest5 HeapInsertTest0 HeapInsertTest1 HeapInsertTest2 HeapInsertTest3 HeapInsertTest4 , ,
3,Sun Nov 01 22:35:24 EST 2020,15,2,Assignment4Suite,CacheMapTest2 CacheTest1 CacheTest3 CacheTest4 CacheTest7 HeapDelMinTest0 HeapDelMinTest1+ , ,CacheHeapTest0 CacheHeapTest1 CacheHeapTest2 CacheHeapTest3 CacheMapTest0 CacheMapTest1 CacheMapTest3 CacheTest0 CacheTest2 CacheTest5 CacheTest6 CacheTest8 CacheTest9 HeapDelMinTest10 HeapDelMinTest11 HeapDelMinTest12 HeapDelMinTest13 HeapDelMinTest14 HeapDelMinTest2 HeapDelMinTest3 HeapDelMinTest4 HeapDelMinTest5 HeapDelMinTest6 HeapDelMinTest7 HeapDelMinTest8 HeapDelMinTest9 HeapIncDecEltTest0 HeapIncDecEltTest1 HeapIncDecEltTest2 HeapIncDecEltTest3 HeapIncDecEltTest4 HeapIncDecEltTest5 HeapInsertTest0 HeapInsertTest1 HeapInsertTest2 HeapInsertTest3 HeapInsertTest4 , ,
4,Mon Nov 02 17:19:10 EST 2020,15,0,Assignment4Suite,CacheMapTest2 CacheTest1 CacheTest3 CacheTest4 CacheTest7 HeapDelMinTest0 HeapDelMinTest1 , ,CacheHeapTest0 CacheHeapTest1 CacheHeapTest2 CacheHeapTest3 CacheMapTest0 CacheMapTest1 CacheMapTest3 CacheTest0 CacheTest2 CacheTest5 CacheTest6 CacheTest8 CacheTest9 HeapDelMinTest10 HeapDelMinTest11 HeapDelMinTest12 HeapDelMinTest13 HeapDelMinTest14 HeapDelMinTest2 HeapDelMinTest3 HeapDelMinTest4 HeapDelMinTest5 HeapDelMinTest6 HeapDelMinTest7 HeapDelMinTest8 HeapDelMinTest9 HeapIncDecEltTest0 HeapIncDecEltTest1 HeapIncDecEltTest2 HeapIncDecEltTest3 HeapIncDecEltTest4 HeapIncDecEltTest5 HeapInsertTest0 HeapInsertTest1 HeapInsertTest2 HeapInsertTest3 HeapInsertTest4 , ,
5,Mon Nov 02 18:47:29 EST 2020,15,0,Assignment4Suite,CacheMapTest2 CacheTest1 CacheTest3 CacheTest4 CacheTest7 HeapDelMinTest0 HeapDelMinTest1 , ,CacheHeapTest0 CacheHeapTest1 CacheHeapTest2 CacheHeapTest3 CacheMapTest0 CacheMapTest1 CacheMapTest3 CacheTest0 CacheTest2 CacheTest5 CacheTest6 CacheTest8 CacheTest9 HeapDelMinTest10 HeapDelMinTest11 HeapDelMinTest12 HeapDelMinTest13 HeapDelMinTest14 HeapDelMinTest2 HeapDelMinTest3 HeapDelMinTest4 HeapDelMinTest5 HeapDelMinTest6 HeapDelMinTest7 HeapDelMinTest8 HeapDelMinTest9 HeapIncDecEltTest0 HeapIncDecEltTest1 HeapIncDecEltTest2 HeapIncDecEltTest3 HeapIncDecEltTest4 HeapIncDecEltTest5 HeapInsertTest0 HeapInsertTest1 HeapInsertTest2 HeapInsertTest3 HeapInsertTest4 , ,
6,Mon Nov 02 18:48:10 EST 2020,15,0,Assignment4Suite,CacheMapTest2 CacheTest1 CacheTest3 CacheTest4 CacheTest7 HeapDelMinTest0 HeapDelMinTest1 , ,CacheHeapTest0 CacheHeapTest1 CacheHeapTest2 CacheHeapTest3 CacheMapTest0 CacheMapTest1 CacheMapTest3 CacheTest0 CacheTest2 CacheTest5 CacheTest6 CacheTest8 CacheTest9 HeapDelMinTest10 HeapDelMinTest11 HeapDelMinTest12 HeapDelMinTest13 HeapDelMinTest14 HeapDelMinTest2 HeapDelMinTest3 HeapDelMinTest4 HeapDelMinTest5 HeapDelMinTest6 HeapDelMinTest7 HeapDelMinTest8 HeapDelMinTest9 HeapIncDecEltTest0 HeapIncDecEltTest1 HeapIncDecEltTest2 HeapIncDecEltTest3 HeapIncDecEltTest4 HeapIncDecEltTest5 HeapInsertTest0 HeapInsertTest1 HeapInsertTest2 HeapInsertTest3 HeapInsertTest4 , ,
7,Mon Nov 02 21:01:08 EST 2020,13,-2,Assignment4Suite,CacheMapTest2 CacheTest1 CacheTest3 CacheTest4 CacheTest7 HeapDelMinTest0 , ,CacheHeapTest0 CacheHeapTest1 CacheHeapTest2 CacheHeapTest3 CacheMapTest0 CacheMapTest1 CacheMapTest3 CacheTest0 CacheTest2 CacheTest5 CacheTest6 CacheTest8 CacheTest9 HeapDelMinTest1- HeapDelMinTest10 HeapDelMinTest11 HeapDelMinTest12 HeapDelMinTest13 HeapDelMinTest14 HeapDelMinTest2 HeapDelMinTest3 HeapDelMinTest4 HeapDelMinTest5 HeapDelMinTest6 HeapDelMinTest7 HeapDelMinTest8 HeapDelMinTest9 HeapIncDecEltTest0 HeapIncDecEltTest1 HeapIncDecEltTest2 HeapIncDecEltTest3 HeapIncDecEltTest4 HeapIncDecEltTest5 HeapInsertTest0 HeapInsertTest1 HeapInsertTest2 HeapInsertTest3 HeapInsertTest4 , ,
8,Mon Nov 02 21:11:02 EST 2020,13,0,Assignment4Suite,CacheMapTest2 CacheTest1 CacheTest3 CacheTest4 CacheTest7 HeapDelMinTest0 , ,CacheHeapTest0 CacheHeapTest1 CacheHeapTest2 CacheHeapTest3 CacheMapTest0 CacheMapTest1 CacheMapTest3 CacheTest0 CacheTest2 CacheTest5 CacheTest6 CacheTest8 CacheTest9 HeapDelMinTest1 HeapDelMinTest10 HeapDelMinTest11 HeapDelMinTest12 HeapDelMinTest13 HeapDelMinTest14 HeapDelMinTest2 HeapDelMinTest3 HeapDelMinTest4 HeapDelMinTest5 HeapDelMinTest6 HeapDelMinTest7 HeapDelMinTest8 HeapDelMinTest9 HeapIncDecEltTest0 HeapIncDecEltTest1 HeapIncDecEltTest2 HeapIncDecEltTest3 HeapIncDecEltTest4 HeapIncDecEltTest5 HeapInsertTest0 HeapInsertTest1 HeapInsertTest2 HeapInsertTest3 HeapInsertTest4 , ,
9,Mon Nov 02 22:15:44 EST 2020,59,46,Assignment4Suite,CacheHeapTest0+ CacheMapTest0+ CacheMapTest1+ CacheMapTest2 CacheTest0+ CacheTest1 CacheTest2+ CacheTest3 CacheTest4 CacheTest5+ CacheTest6+ CacheTest7 CacheTest8+ CacheTest9+ HeapDelMinTest0 HeapDelMinTest11+ HeapDelMinTest13+ HeapDelMinTest2+ HeapDelMinTest5+ HeapDelMinTest7+ HeapDelMinTest9+ HeapInsertTest0+ HeapInsertTest1+ HeapInsertTest2+ HeapInsertTest3+ HeapInsertTest4+ , ,CacheHeapTest1 CacheHeapTest2 CacheHeapTest3 CacheMapTest3 HeapDelMinTest1 HeapDelMinTest10 HeapDelMinTest12 HeapDelMinTest14 HeapDelMinTest3 HeapDelMinTest4 HeapDelMinTest6 HeapDelMinTest8 HeapIncDecEltTest0 HeapIncDecEltTest1 HeapIncDecEltTest2 HeapIncDecEltTest3 HeapIncDecEltTest4 HeapIncDecEltTest5 , ,
10,Mon Nov 02 22:45:42 EST 2020,65,6,Assignment4Suite,CacheHeapTest0 CacheHeapTest3+ CacheMapTest0 CacheMapTest1 CacheMapTest2 CacheMapTest3+ CacheTest0 CacheTest1 CacheTest2 CacheTest3 CacheTest4 CacheTest5 CacheTest6 CacheTest7 CacheTest8 CacheTest9 HeapDelMinTest0 HeapDelMinTest1+ HeapDelMinTest11 HeapDelMinTest13 HeapDelMinTest2 HeapDelMinTest5 HeapDelMinTest7 HeapDelMinTest9 HeapInsertTest0 HeapInsertTest1 HeapInsertTest2 HeapInsertTest3 HeapInsertTest4 , ,CacheHeapTest1 CacheHeapTest2 HeapDelMinTest10 HeapDelMinTest12 HeapDelMinTest14 HeapDelMinTest3 HeapDelMinTest4 HeapDelMinTest6 HeapDelMinTest8 HeapIncDecEltTest0 HeapIncDecEltTest1 HeapIncDecEltTest2 HeapIncDecEltTest3 HeapIncDecEltTest4 HeapIncDecEltTest5 , ,
11,Mon Nov 02 22:48:55 EST 2020,65,0,Assignment4Suite,CacheHeapTest0 CacheHeapTest3 CacheMapTest0 CacheMapTest1 CacheMapTest2 CacheMapTest3 CacheTest0 CacheTest1 CacheTest2 CacheTest3 CacheTest4 CacheTest5 CacheTest6 CacheTest7 CacheTest8 CacheTest9 HeapDelMinTest0 HeapDelMinTest1 HeapDelMinTest11 HeapDelMinTest13 HeapDelMinTest2 HeapDelMinTest5 HeapDelMinTest7 HeapDelMinTest9 HeapInsertTest0 HeapInsertTest1 HeapInsertTest2 HeapInsertTest3 HeapInsertTest4 , ,CacheHeapTest1 CacheHeapTest2 HeapDelMinTest10 HeapDelMinTest12 HeapDelMinTest14 HeapDelMinTest3 HeapDelMinTest4 HeapDelMinTest6 HeapDelMinTest8 HeapIncDecEltTest0 HeapIncDecEltTest1 HeapIncDecEltTest2 HeapIncDecEltTest3 HeapIncDecEltTest4 HeapIncDecEltTest5 , ,
12,Mon Nov 02 22:51:29 EST 2020,70,5,Assignment4Suite,CacheHeapTest0 CacheHeapTest3 CacheMapTest0 CacheMapTest1 CacheMapTest2 CacheMapTest3 CacheTest0 CacheTest1 CacheTest2 CacheTest3 CacheTest4 CacheTest5 CacheTest6 CacheTest7 CacheTest8 CacheTest9 HeapDelMinTest0 HeapDelMinTest1 HeapDelMinTest11 HeapDelMinTest13 HeapDelMinTest2 HeapDelMinTest5 HeapDelMinTest7 HeapDelMinTest9 HeapIncDecEltTest0+ HeapIncDecEltTest1+ HeapInsertTest0 HeapInsertTest1 HeapInsertTest2 HeapInsertTest3 HeapInsertTest4 , ,CacheHeapTest1 CacheHeapTest2 HeapDelMinTest10 HeapDelMinTest12 HeapDelMinTest14 HeapDelMinTest3 HeapDelMinTest4 HeapDelMinTest6 HeapDelMinTest8 HeapIncDecEltTest2 HeapIncDecEltTest3 HeapIncDecEltTest4 HeapIncDecEltTest5 , ,
13,Mon Nov 02 22:53:16 EST 2020,68,-2,Assignment4Suite,CacheHeapTest0 CacheHeapTest3 CacheMapTest0 CacheMapTest1 CacheMapTest2 CacheMapTest3 CacheTest0 CacheTest1 CacheTest2 CacheTest3 CacheTest4 CacheTest5 CacheTest6 CacheTest7 CacheTest8 CacheTest9 HeapDelMinTest0 HeapDelMinTest1 HeapDelMinTest11 HeapDelMinTest13 HeapDelMinTest2 HeapDelMinTest5 HeapDelMinTest7 HeapDelMinTest9 HeapIncDecEltTest0 HeapInsertTest0 HeapInsertTest1 HeapInsertTest2 HeapInsertTest3 HeapInsertTest4 , ,CacheHeapTest1 CacheHeapTest2 HeapDelMinTest10 HeapDelMinTest12 HeapDelMinTest14 HeapDelMinTest3 HeapDelMinTest4 HeapDelMinTest6 HeapDelMinTest8 HeapIncDecEltTest1- HeapIncDecEltTest2 HeapIncDecEltTest3 HeapIncDecEltTest4 HeapIncDecEltTest5 , ,
14,Mon Nov 02 22:54:23 EST 2020,68,0,Assignment4Suite,CacheHeapTest0 CacheHeapTest3 CacheMapTest0 CacheMapTest1 CacheMapTest2 CacheMapTest3 CacheTest0 CacheTest1 CacheTest2 CacheTest3 CacheTest4 CacheTest5 CacheTest6 CacheTest7 CacheTest8 CacheTest9 HeapDelMinTest0 HeapDelMinTest1 HeapDelMinTest11 HeapDelMinTest13 HeapDelMinTest2 HeapDelMinTest5 HeapDelMinTest7 HeapDelMinTest9 HeapIncDecEltTest0 HeapInsertTest0 HeapInsertTest1 HeapInsertTest2 HeapInsertTest3 HeapInsertTest4 , ,CacheHeapTest1 CacheHeapTest2 HeapDelMinTest10 HeapDelMinTest12 HeapDelMinTest14 HeapDelMinTest3 HeapDelMinTest4 HeapDelMinTest6 HeapDelMinTest8 HeapIncDecEltTest1 HeapIncDecEltTest2 HeapIncDecEltTest3 HeapIncDecEltTest4 HeapIncDecEltTest5 , ,
15,Mon Nov 02 22:57:09 EST 2020,68,0,Assignment4Suite,CacheHeapTest0 CacheHeapTest3 CacheMapTest0 CacheMapTest1 CacheMapTest2 CacheMapTest3 CacheTest0 CacheTest1 CacheTest2 CacheTest3 CacheTest4 CacheTest5 CacheTest6 CacheTest7 CacheTest8 CacheTest9 HeapDelMinTest0 HeapDelMinTest1 HeapDelMinTest11 HeapDelMinTest13 HeapDelMinTest2 HeapDelMinTest5 HeapDelMinTest7 HeapDelMinTest9 HeapIncDecEltTest0 HeapInsertTest0 HeapInsertTest1 HeapInsertTest2 HeapInsertTest3 HeapInsertTest4 , ,CacheHeapTest1 CacheHeapTest2 HeapDelMinTest10 HeapDelMinTest12 HeapDelMinTest14 HeapDelMinTest3 HeapDelMinTest4 HeapDelMinTest6 HeapDelMinTest8 HeapIncDecEltTest1 HeapIncDecEltTest2 HeapIncDecEltTest3 HeapIncDecEltTest4 HeapIncDecEltTest5 , ,
16,Mon Nov 02 23:13:01 EST 2020,70,2,Assignment4Suite,CacheHeapTest0 CacheHeapTest3 CacheMapTest0 CacheMapTest1 CacheMapTest2 CacheMapTest3 CacheTest0 CacheTest1 CacheTest2 CacheTest3 CacheTest4 CacheTest5 CacheTest6 CacheTest7 CacheTest8 CacheTest9 HeapDelMinTest0 HeapDelMinTest1 HeapDelMinTest11 HeapDelMinTest13 HeapDelMinTest2 HeapDelMinTest5 HeapDelMinTest7 HeapDelMinTest9 HeapIncDecEltTest0 HeapIncDecEltTest1+ HeapInsertTest0 HeapInsertTest1 HeapInsertTest2 HeapInsertTest3 HeapInsertTest4 , ,CacheHeapTest1 CacheHeapTest2 HeapDelMinTest10 HeapDelMinTest12 HeapDelMinTest14 HeapDelMinTest3 HeapDelMinTest4 HeapDelMinTest6 HeapDelMinTest8 HeapIncDecEltTest2 HeapIncDecEltTest3 HeapIncDecEltTest4 HeapIncDecEltTest5 , ,
17,Mon Nov 02 23:27:10 EST 2020,100,30,Assignment4Suite,CacheHeapTest0 CacheHeapTest1+ CacheHeapTest2+ CacheHeapTest3 CacheMapTest0 CacheMapTest1 CacheMapTest2 CacheMapTest3 CacheTest0 CacheTest1 CacheTest2 CacheTest3 CacheTest4 CacheTest5 CacheTest6 CacheTest7 CacheTest8 CacheTest9 HeapDelMinTest0 HeapDelMinTest1 HeapDelMinTest10+ HeapDelMinTest11 HeapDelMinTest12+ HeapDelMinTest13 HeapDelMinTest14+ HeapDelMinTest2 HeapDelMinTest3+ HeapDelMinTest4+ HeapDelMinTest5 HeapDelMinTest6+ HeapDelMinTest7 HeapDelMinTest8+ HeapDelMinTest9 HeapIncDecEltTest0 HeapIncDecEltTest1 HeapIncDecEltTest2+ HeapIncDecEltTest3+ HeapIncDecEltTest4+ HeapIncDecEltTest5+ HeapInsertTest0 HeapInsertTest1 HeapInsertTest2 HeapInsertTest3 HeapInsertTest4 , , , ,
18,Mon Nov 02 23:29:47 EST 2020,100,0,Assignment4Suite,CacheHeapTest0 CacheHeapTest1 CacheHeapTest2 CacheHeapTest3 CacheMapTest0 CacheMapTest1 CacheMapTest2 CacheMapTest3 CacheTest0 CacheTest1 CacheTest2 CacheTest3 CacheTest4 CacheTest5 CacheTest6 CacheTest7 CacheTest8 CacheTest9 HeapDelMinTest0 HeapDelMinTest1 HeapDelMinTest10 HeapDelMinTest11 HeapDelMinTest12 HeapDelMinTest13 HeapDelMinTest14 HeapDelMinTest2 HeapDelMinTest3 HeapDelMinTest4 HeapDelMinTest5 HeapDelMinTest6 HeapDelMinTest7 HeapDelMinTest8 HeapDelMinTest9 HeapIncDecEltTest0 HeapIncDecEltTest1 HeapIncDecEltTest2 HeapIncDecEltTest3 HeapIncDecEltTest4 HeapIncDecEltTest5 HeapInsertTest0 HeapInsertTest1 HeapInsertTest2 HeapInsertTest3 HeapInsertTest4 , , , ,
19,Mon Nov 02 23:32:46 EST 2020,100,0,Assignment4Suite,CacheHeapTest0 CacheHeapTest1 CacheHeapTest2 CacheHeapTest3 CacheMapTest0 CacheMapTest1 CacheMapTest2 CacheMapTest3 CacheTest0 CacheTest1 CacheTest2 CacheTest3 CacheTest4 CacheTest5 CacheTest6 CacheTest7 CacheTest8 CacheTest9 HeapDelMinTest0 HeapDelMinTest1 HeapDelMinTest10 HeapDelMinTest11 HeapDelMinTest12 HeapDelMinTest13 HeapDelMinTest14 HeapDelMinTest2 HeapDelMinTest3 HeapDelMinTest4 HeapDelMinTest5 HeapDelMinTest6 HeapDelMinTest7 HeapDelMinTest8 HeapDelMinTest9 HeapIncDecEltTest0 HeapIncDecEltTest1 HeapIncDecEltTest2 HeapIncDecEltTest3 HeapIncDecEltTest4 HeapIncDecEltTest5 HeapInsertTest0 HeapInsertTest1 HeapInsertTest2 HeapInsertTest3 HeapInsertTest4 , , , ,
